Cities,States,,,,,,,,
Abilene,Alabama,,,,,,,,
Akron,Alaska,,,,,,,,
Albany,Arizona,,,,,,,,
Albuquerque,Arkansas,,,,,,,,
Alexandria,California,,,,,,,,
Allen,Colorado,,,,,,,,
Allentown,Connecticut,,,,,,,,
Amarillo,Delaware,,,,,,,,
Anaheim,District of Columbia,,,,,,,,
Anchorage,Florida,,,,,,,,
Ann Arbor,Georgia,,,,,,,,
Antioch,Hawaii,,,,,,,,
Arlington,Idaho,,,,,,,,
Arlington,Illinois,,,,,,,,
Arvada,Indiana,,,,,,,,
Athens,Iowa,,,,,,,,
Atlanta,Kansas,,,,,,,,
Augusta,Kentucky,,,,,,,,
Aurora,Louisiana,,,,,,,,
Aurora,Maine,,,,,,,,
Austin,Maryland,,,,,,,,
Bakersfield,Massachusetts,,,,,,,,
Baltimore,Michigan,,,,,,,,
Baton Rouge,Minnesota,,,,,,,,
Beaumont,Mississippi,,,,,,,,
Bellevue,Missouri,,,,,,,,
Bend,Montana,,,,,,,,
Berkeley,Nebraska,,,,,,,,
Billings,Nevada,,,,,,,,
Birmingham,New Hampshire,,,,,,,,
Boise City,New Jersey,,,,,,,,
Boston,New Mexico,,,,,,,,
Boulder,New York,,,,,,,,
Brandon,North Carolina,,,,,,,,
Bridgeport,North Dakota,,,,,,,,
Brockton,Ohio,,,,,,,,
Broken Arrow,Oklahoma,,,,,,,,
Brownsville,Oregon,,,,,,,,
Buckeye,Pennsylvania,,,,,,,,
Buffalo,Rhode Island,,,,,,,,
Burbank,South Carolina,,,,,,,,
Cambridge,South Dakota,,,,,,,,
Cape Coral,Tennessee,,,,,,,,
Carlsbad,Texas,,,,,,,,
Carmel,Utah,,,,,,,,
Carrollton,Vermont,,,,,,,,
Cary,Virginia,,,,,,,,
Cedar Rapids,Washington,,,,,,,,
Centennial,West Virginia,,,,,,,,
Chandler,Wisconsin,,,,,,,,
Charleston,Wyoming,,,,,,,,
Charlotte,,,,,,,,,
Chattanooga,,,,,,,,,
Chesapeake,,,,,,,,,
Chicago,,,,,,,,,
Chico,,,,,,,,,
Chula Vista,,,,,,,,,
Cincinnati,,,,,,,,,
Clarksville,,,,,,,,,
Clearwater,,,,,,,,,
Cleveland,,,,,,,,,
Clovis,,,,,,,,,
College Station,,,,,,,,,
Colorado Springs,,,,,,,,,
Columbia,,,,,,,,,
Columbia,,,,,,,,,
Columbia,,,,,,,,,
Columbus,,,,,,,,,
Columbus,,,,,,,,,
Concord,,,,,,,,,
Concord,,,,,,,,,
Conroe,,,,,,,,,
Coral Springs,,,,,,,,,
Corona,,,,,,,,,
Corpus Christi,,,,,,,,,
Costa Mesa,,,,,,,,,
Dallas,,,,,,,,,
Daly City,,,,,,,,,
Davenport,,,,,,,,,
Davie,,,,,,,,,
Dayton,,,,,,,,,
Dearborn,,,,,,,,,
Denton,,,,,,,,,
Denver,,,,,,,,,
Des Moines,,,,,,,,,
Detroit,,,,,,,,,
Downey,,,,,,,,,
Durham,,,,,,,,,
East Los Angeles,,,,,,,,,
Edinburg,,,,,,,,,
Edison,,,,,,,,,
El Cajon,,,,,,,,,
Elgin,,,,,,,,,
Elizabeth,,,,,,,,,
Elk Grove,,,,,,,,,
El Monte,,,,,,,,,
El Paso,,,,,,,,,
Enterprise,,,,,,,,,
Escondido,,,,,,,,,
Eugene,,,,,,,,,
Evansville,,,,,,,,,
Everett,,,,,,,,,
Fairfield,,,,,,,,,
Fargo,,,,,,,,,
Fayetteville,,,,,,,,,
Fishers,,,,,,,,,
Fontana,,,,,,,,,
Fort Collins,,,,,,,,,
Fort Lauderdale,,,,,,,,,
Fort Wayne,,,,,,,,,
Fort Worth,,,,,,,,,
Fremont,,,,,,,,,
Fresno,,,,,,,,,
Frisco,,,,,,,,,
Fullerton,,,,,,,,,
Gainesville,,,,,,,,,
Garden Grove,,,,,,,,,
Garland,,,,,,,,,
Gilbert,,,,,,,,,
Glendale,,,,,,,,,
Glendale,,,,,,,,,
Goodyear,,,,,,,,,
Grand Prairie,,,,,,,,,
Grand Rapids,,,,,,,,,
Greeley,,,,,,,,,
Green Bay,,,,,,,,,
Greensboro,,,,,,,,,
Gresham,,,,,,,,,
Hampton,,,,,,,,,
Hartford,,,,,,,,,
Hayward,,,,,,,,,
Henderson,,,,,,,,,
Hesperia,,,,,,,,,
Hialeah,,,,,,,,,
Highlands Ranch,,,,,,,,,
High Point,,,,,,,,,
Hillsboro,,,,,,,,,
Hollywood,,,,,,,,,
Honolulu,,,,,,,,,
Houston,,,,,,,,,
Huntington Beach,,,,,,,,,
Huntsville,,,,,,,,,
Independence,,,,,,,,,
Indianapolis,,,,,,,,,
Inglewood,,,,,,,,,
Irvine,,,,,,,,,
Irving,,,,,,,,,
Jackson,,,,,,,,,
Jacksonville,,,,,,,,,
Jersey City,,,,,,,,,
Joliet,,,,,,,,,
Jurupa Valley,,,,,,,,,
Kansas City,,,,,,,,,
Kansas City,,,,,,,,,
Kent,,,,,,,,,
Killeen,,,,,,,,,
Knoxville,,,,,,,,,
Lafayette,,,,,,,,,
Lakeland,,,,,,,,,
Lakewood,,,,,,,,,
Lancaster,,,,,,,,,
Lansing,,,,,,,,,
Laredo,,,,,,,,,
Las Cruces,,,,,,,,,
Las Vegas,,,,,,,,,
League City,,,,,,,,,
Lee's Summit,,,,,,,,,
Lehigh Acres,,,,,,,,,
Lewisville,,,,,,,,,
Lexington,,,,,,,,,
Lincoln,,,,,,,,,
Little Rock,,,,,,,,,
Long Beach,,,,,,,,,
Los Angeles,,,,,,,,,
Louisville,,,,,,,,,
Lowell,,,,,,,,,
Lubbock,,,,,,,,,
Lynn,,,,,,,,,
Macon,,,,,,,,,
Madison,,,,,,,,,
Manchester,,,,,,,,,
McAllen,,,,,,,,,
McKinney,,,,,,,,,
Memphis,,,,,,,,,
Menifee,,,,,,,,,
Meridian,,,,,,,,,
Mesa,,,,,,,,,
Mesquite,,,,,,,,,
Metairie,,,,,,,,,
Miami,,,,,,,,,
Miami Gardens,,,,,,,,,
Midland,,,,,,,,,
Milwaukee,,,,,,,,,
Minneapolis,,,,,,,,,
Miramar,,,,,,,,,
Mobile,,,,,,,,,
Modesto,,,,,,,,,
Montgomery,,,,,,,,,
Moreno Valley,,,,,,,,,
Murfreesboro,,,,,,,,,
Murrieta,,,,,,,,,
Nampa,,,,,,,,,
Naperville,,,,,,,,,
Nashville (- Davidson),,,,,,,,,
Newark,,,,,,,,,
New Bedford,,,,,,,,,
New Braunfels,,,,,,,,,
New Haven,,,,,,,,,
New Orleans,,,,,,,,,
Newport News,,,,,,,,,
New York,,,,,,,,,
Norfolk,,,,,,,,,
Norman,,,,,,,,,
North Charleston,,,,,,,,,
North Las Vegas,,,,,,,,,
Oakland,,,,,,,,,
Oceanside,,,,,,,,,
Odessa,,,,,,,,,
Oklahoma City,,,,,,,,,
Olathe,,,,,,,,,
Omaha,,,,,,,,,
Ontario,,,,,,,,,
Orange,,,,,,,,,
Orlando,,,,,,,,,
Overland Park,,,,,,,,,
Oxnard,,,,,,,,,
Palm Bay,,,,,,,,,
Palmdale,,,,,,,,,
Paradise,,,,,,,,,
Pasadena,,,,,,,,,
Pasadena,,,,,,,,,
Paterson,,,,,,,,,
Pearland,,,,,,,,,
Pembroke Pines,,,,,,,,,
Peoria,,,,,,,,,
Peoria,,,,,,,,,
Philadelphia,,,,,,,,,
Phoenix,,,,,,,,,
Pittsburgh,,,,,,,,,
Plano,,,,,,,,,
Pomona,,,,,,,,,
Pompano Beach,,,,,,,,,
Portland,,,,,,,,,
Port St. Lucie,,,,,,,,,
Providence,,,,,,,,,
Provo,,,,,,,,,
Pueblo,,,,,,,,,
Quincy,,,,,,,,,
Raleigh,,,,,,,,,
Rancho Cucamonga,,,,,,,,,
Reno,,,,,,,,,
Renton,,,,,,,,,
Rialto,,,,,,,,,
Richardson,,,,,,,,,
Richmond,,,,,,,,,
Richmond,,,,,,,,,
Rio Rancho,,,,,,,,,
Riverside,,,,,,,,,
Riverview,,,,,,,,,
Rochester,,,,,,,,,
Rochester,,,,,,,,,
Rockford,,,,,,,,,
Roseville,,,,,,,,,
Round Rock,,,,,,,,,
Sacramento,,,,,,,,,
Salem,,,,,,,,,
Salinas,,,,,,,,,
Salt Lake City,,,,,,,,,
San Antonio,,,,,,,,,
San Bernardino,,,,,,,,,
San Buenaventura (Ventura),,,,,,,,,
San Diego,,,,,,,,,
Sandy Springs,,,,,,,,,
San Francisco,,,,,,,,,
San Jose,,,,,,,,,
San Mateo,,,,,,,,,
Santa Ana,,,,,,,,,
Santa Clara,,,,,,,,,
Santa Clarita,,,,,,,,,
Santa Maria,,,,,,,,,
San Tan Valley,,,,,,,,,
Santa Rosa,,,,,,,,,
Savannah,,,,,,,,,
Scottsdale,,,,,,,,,
Seattle,,,,,,,,,
Shreveport,,,,,,,,,
Simi Valley,,,,,,,,,
Sioux Falls,,,,,,,,,
South Bend,,,,,,,,,
South Fulton,,,,,,,,,
Sparks,,,,,,,,,
Spokane,,,,,,,,,
Spokane Valley,,,,,,,,,
Springfield,,,,,,,,,
Springfield,,,,,,,,,
Springfield,,,,,,,,,
Spring Hill,,,,,,,,,
Spring Valley,,,,,,,,,
St. George,,,,,,,,,
St. Louis,,,,,,,,,
St. Paul,,,,,,,,,
St. Petersburg,,,,,,,,,
Stamford,,,,,,,,,
Sterling Heights,,,,,,,,,
Stockton,,,,,,,,,
Sugar Land,,,,,,,,,
Sunnyvale,,,,,,,,,
Sunrise Manor,,,,,,,,,
Surprise,,,,,,,,,
Syracuse,,,,,,,,,
Tacoma,,,,,,,,,
Tallahassee,,,,,,,,,
Tampa,,,,,,,,,
Temecula,,,,,,,,,
Tempe,,,,,,,,,
The Woodlands,,,,,,,,,
Thornton,,,,,,,,,
Thousand Oaks,,,,,,,,,
Toledo,,,,,,,,,
Topeka,,,,,,,,,
Torrance,,,,,,,,,
Tucson,,,,,,,,,
Tulsa,,,,,,,,,
Tuscaloosa,,,,,,,,,
Tyler,,,,,,,,,
Vacaville,,,,,,,,,
Vallejo,,,,,,,,,
Vancouver,,,,,,,,,
Victorville,,,,,,,,,
Virginia Beach,,,,,,,,,
Visalia,,,,,,,,,
Waco,,,,,,,,,
Warren,,,,,,,,,
Washington,,,,,,,,,
Waterbury,,,,,,,,,
West Covina,,,,,,,,,
West Jordan,,,,,,,,,
Westminster,,,,,,,,,
West Palm Beach,,,,,,,,,
West Valley City,,,,,,,,,
Wichita,,,,,,,,,
Wichita Falls,,,,,,,,,
Wilmington,,,,,,,,,
Winston-Salem,,,,,,,,,
Worcester,,,,,,,,,
Yonkers,,,,,,,,,